dienststellung_id,dienststellung_name,dienststellung_abk,dienststellung_info
1,Reichsführer-SS,RFSS,
2,Chef der deutschen Polizei,Chef der deutschen Polizei,
3,Stab Reichsführer-SS,Stab RFSS,
4,Leibstandarte-SS,Leibstandarte-SS,
5,Führer SS-Oberabschnitt Ost,F. Oa. Ost,
6,Führer SS-Oberabschnitt West,F. Oa. West,
7,mit dem Range eines Hauptamtchefs,m. d. Range eines Hauptamtschefs,
8,Inspekteur Grenz- und Wacheinheiten,Insp. Grenz- und Wacheinheiten,
9,Inspekteur SS-Reiterei,Insp. SS-Reiterei,
10,Führer SS-Oberabschnitt Süd,F. Oa. Süd,
11,Führer SS-Oberabschnitt Mitte,F. Oa. Mitte,
12,Chef SS-Hauptamt,Chef SS-Hauptamt,
13,Führer SS-Oberabschnitt Main,F. Oa. Main,
14,Führer SS-Oberabschnitt Nordwest,F. Oa. Nordwest,
15,Chef SD-Hauptamt,Chef SD-Hauptamt,
16,Führer SS-Oberabschnitt Südost,F. Oa. Südost,
17,Führer SS-Totenkopfverbände und Konzentrationslager,F. SS-Totenkopfverbände und K.L.,
18,Führer SS-Oberabschnitt Nordost,F. Oa. Nordost,
19,Führer SS-Oberabschnitt Rhein,F. Oa. Rhein,
20,SD-Hauptamt,SD-Hauptamt,
21,Führer SS-Oberabschnitt Elbe,F. Oa. Elbe,
22,Führer SS-Oberabschnitt Nord,F. Oa. Nord,
23,stv. Führer SS-Oberabschnitt Ost,stellv. F. Oa. Ost,
24,Chef SS-Gericht,Chef SS-Gericht,
25,Verwaltungschef-SS,Verwaltungschef-SS,
26,"Der Reichsführer-SS, Chef des Personal-Stabes","Der Reichsführer-SS, Chef d. Pers. Stabes",
27,Chef SS-Personalkanzlei,Chef SS-Personalkanzlei,
28,Führer SS-Oberabschnitt Südwest,F. Oa. Südwest,
29,Stab SS-Hauptamt,Stab SS-Hauptamt,
30,Führer SS-Abschnitt XXVII,F. Ab. XXVII,
31,beim Stab Rasse- und Siedlungshauptamt,b. Stab RuS-Hauptamt,
32,Chef Rasse- und Siedlungshauptamt,Chef RuS-Hautpamt,
33,Führer SS-Oberabschnitt Donau,F. Oa. Donau,
34,beim Stab Reichsführer-SS,b. Stab RFSS,
35,beim Stab SS-Oberabschnitt Fulda-Werra,b. Stab Oa. Fulda-Werra,
36,Führer SS-Abschnitt I,F. Ab. I,
37,beim Stab SS-Abschnitt XXXII,b. Stab Ab. XXXII,
38,Führer SS-Abschnitt V,F. Ab. V,
39,beim Stab SS-Abschnitt XXIX,b. Stab Ab. XXIX,
40,beim Stab SS-Oberabschnitt Elbe,b. Stab Oa. Elbe,
41,Inspekteur SS-Verfügungstruppe,Insp. SS-V. T.,
42,Inspekteur SS-Reitschulen,Insp. SS-Reitschulen,
43,Führer SS-Abschnitt XXV,F. Ab. XXV,
44,Führer SS-Abschnitt II,F. Ab. II,
45,Reichsarzt SS,Reichsarzt SS,
46,Stab SS-Oberabschnitt Nordwest,Stab Oa. Nordwest,
47,beim Stab SS-Oberabschnitt Mitte,b. Stab Oa. Mitte,
48,beim Stab SS-Oberabschnitt Donau,b. Stab Oa. Donau,
49,Führer SS-Abschnitt XVIII,F. Ab. XVIII,
50,kommandiert zum Stab Oa. West,kdrt. Stab Oa. West,
51,Führer Übungslager Dachau,F. Üb. L. Dachau,
52,beim Stab SS-Oberabschnitt Ost,b. Stab Oa. Ost,
53,Inspekteur Stammabteilung Fulda-Werra,Insp. Stammabt. Fulda-Werra,
54,beurlaubt,beurlaubt,
55,Führer SS-Abschnitt XXII,F. Ab. XXII,
56,beim Stab SS-Oberabschnitt Nordwest,b. Stab Oa. Nordwest,
57,beim Stab SS-Oberabschnitt Südwest,b. Stab Oa. Südwest,
58,Kriminalkommando,Kr. Kdo.,
59,Führer SS-Abschnitt XXIV,F. Ab. XXIV,
60,beim Stab SS-Oberabschnitt Main,b. Stab Oa. Main,
61,Führer SS-Abschnitt XXXIII,F. Ab. XXXIII,
62,Führer SS-Abschnitt XXXI,F. Ab. XXXI,
63,Stab SS-Oberabschnitt Süd,Stab Oa. Süd,
64,beim Stab SS-Oberabschnitt Nordost,b. Stab Oa. Nordost,
65,beim Stab SS-Oberabschnitt Rhein,b. Stab Oa. Rhein,
66,Führer SS-Abschnitt XIV,F. Ab. XIV,
67,Führer Konzentrationslager Dachau,F. K. L. Dachau,
68,beim Stab SS-Oberabschnitt Südost,b. Stab Oa. Südost,
69,Rasse- und Siedlungshauptamt,RuS-Hauptamt,
70,Führer SS-Abschnitt XI,F. Ab. XI,
72,Stab SS-Oberabschnitt Ost,Stab Oa. Ost,
73,Führer SS-Abschnitt XXXII,F. Ab. XXXII,
74,Stab SS-Oberabschnitt Nordost,Stab Oa. Nordost,
75,Stab SS-Oberabschnitt West,Stab Oa. West,
76,beim Stab SS-Oberabschnitt Süd,b. Stab Oa. Süd,
77,Inspekteur Stammabteilung Südwest,Insp. Stammabt. Südwest,
78,Inspekteur Stammabteilung Mitte,Insp. Stammabt. Mitte,
79,beim Stab SS-Abschnitt XXVII,b. Stab Ab. XXVII,
80,Stab SS-Oberabschnitt Rhein,Stab Oa. Rhein,
81,Führer SS-Abschnitt IX,F. Ab. IX,
82,Führer SS-Abschnitt XXIX,F. Ab. XXIX,
83,Führer SS-Abschnitt XXI,F. Ab. XXI,
84,Führer SS-Abschnitt XII,F. Ab. XII,
85,beim Stab SS-Oberabschnitt Nord,b. Stab Oa. Nord,
86,Stammabteilung Bezirk 83,Stammabt. 83,
87,SS-Oberabschnitt Arzt Südost,Oa. Arzt Südost,
88,SS-Oberabschnitt Arzt Main,Oa. Arzt Main,
89,Stab SS-Oberabschnitt Mitte,Stab Oa. Mitte,
90,Führer SS-Abschnitt XXIII,F. Ab. XXIII,
91,Stab Rasse- und Siedlungshauptamt,Stab RuS-Hauptamt,
92,beim Stab SS-Abschnitt III,b. Stab Ab. III,
93,Führer SS-Abschnitt VIII,F. Ab. VIII,
94,SS-Oberabschnitt Arzt Mitt,Oa. Arzt Mitte,
95,Stammabteilung Bezirk 44,Stammabt. 44,
96,Führer SS-Abschnitt XVII,F. Ab. XVII,
97,Führer Führerschule Dachau,F. F. Sch. Dachau,
98,beim Stab SS-Hauptamt,b. Stab SS-Hauptamt,
99,Stab SS-Totenkopfverbände und Konzentrationslager,Stab SS-T. V./K. L.,
100,zur Zeit ohne Verwendung,z. Zt. ohne Verwendg.,
101,beim Stab SS-Oberabschnitt West,b. Stab Oa. West,
102,beim Stab SS-Abschnitt I,b. Stab Ab. I,
103,Führer SS-Abschnitt XV,F. Ab. XV,
104,Führer SS-Abschnitt XXX,F. Ab. XXX,
105,Füher SS-Abschnitt XVI,F. Ab. XVI,
106,Stab SS-Oberabschnitt Donau,Stab Oa. Donau,
107,beim Stab SS-Abschnitt VIII,b. Stab Ab. VIII,
108,Führer SS-Abschnitt XXXVI,F. Ab. XXXVI,
109,Führer SS-Abschnitt XXXV,F. Ab. XXXV,
110,Stab SS-Oberabschnitt Südwest,Stab Oa. Südwest,
111,Inspekteur Stammabteilung Elbe,Insp. Stammabt. Elbe,
112,Stab Inspekteur SS-Verfügungstruppe,Stab Insp. SS-V. T.,
113,Führer Junkerschule Braunschweig,F. J. Sch. Braunschw.,
114,Führer SS-Abschnitt XXVI,F. Ab. XXVI,
115,Führer SS-Abschnitt XXXVII,F. Ab. XXXVII,
116,Führer SS-Abschnitt VI,F. Ab. VI,
117,Führer Konzentrationslager Sachsenhausen,F. K. L. Sachsenhausen,
118,beim Stab SS-Abschnitt XXVIII,b. Stab Ab. XXVIII,
119,beim Stab SS-Abschnitt XXXIII,b. Stab Ab. XXXIII,
120,Stammabteilung Bezirk 09,Stammabt. 09,
121,Führer 58. SS-Standarte,F. 58. Sta.,
122,SS-Oberabschnitt Arzt Nordwest,Oa. Arzt Nordwest,
123,Stammabteilung Bezirk 01,Stammabt. 01,
124,beim Stab SS-Abschnitt IV,b. Stab Ab. IV,
125,Führer SS-Abschnitt XXXIV,F. Ab. XXXIV,
126,Stammabteilung Bezirk 79,Stammabt. 79,
127,Stammabteilung Bezirk 32,Stammabt. 32,
128,Führer 53. SS-Standarte,F. 53. Sta.,
129,Führer 47. SS-Standarte,F. 47. Sta.,
130,beim Stab SS-Abschnitt VII,b. Stab Ab. VII,
131,Junkerschule Braunschweig,J. Sch. Braunschweig,
132,Stammabteilung Bezirk 62,Stammabt. 62,
133,Stammabteilung Bezirk 34,Stammabt. 34,
134,Stab SS-Abschnitt VI,Stab Ab. VI,
135,Inspekteur Stammabteilung Nord,Insp. Stammabt. Nord,
136,Stammabteilung Bezirk 45,Stammabt. 45,
137,Führer 4. SS-Totenkopfstandarte Ostmark,F. 4. SS-T. St. Ostmark,
138,Führer 80. SS-Standarte,F. 80. Sta.,
139,Stammabteilung Bezirk 69,Stammabt. 69,
140,beim Stab SS-Abschnitt XXVI,b. Stab Ab. XXVI,
141,Stammabteilung Bezirk 07,Stammabt. 07,
142,Führer Sanitätsabteilung XXVI,F. San. Abt. XXVI,
143,SS-Oberabschnitt Arzt Ost,Oa. Arzt Ost,
144,Führer 65. SS-Standarte,F. 65. Sta.,
145,Stab SS-Abschnitt XXXIV,Stab Ab. XXXIV,
146,beim Stab SS-Abschnitt XXXV,b. Stab Ab. XXXV,
147,Stab SS-Abschnitt IV,Stab Ab. IV,
148,Inspekteur Stammabteilung Nordwest,Insp. Stammabt. Nordwest,
149,Führer SS-Abschnitt XX,F. Ab. XX,
150,Stammabteilung Bezirk 06,Stammabt. 06,
151,beim Stab SS-Abschnitt XIV,b. Stab Ab. XIV,
152,Führer Konzentrationslager Lichtenburg,F. K. L. Lichtenburg,
153,Führer SS-Abschnitt XXVIII,F. Ab. XXVIII,
154,Führer 45. SS-Standarte,F. 45. Sta.,
155,Führer 23. SS-Standarte,F. 23. Sta.,
156,Führer 77. SS-Standarte,F. 77. Sta.,
157,Führer 42. SS-Standarte,F. 42. Sta.,
158,Führer Kriminalkommando,F. Kr. Kdo.,
159,Führer 43. SS-Standarte,F. 43. Sta.,
160,Führer 50. SS-Standarte,F. 50. Sta.,
161,Führer 40. SS-Standarte,F. 40. Sta.,
162,Führer 30. SS-Standarte,F. 30 Sta.,
163,Führer SS-Abschnitt VII,F. Ab. VII,
164,Stab SS-Abschnitt XV,Stab Ab. XV,
165,Stab SS-Abschnitt XXXVII,Stab Ab. XXXVII,
166,Führer 2. SS-Totenkopfstandarte Brandenburg,F. 2. SS-T. St. Brandenburg,
167,Führer 56. SS-Standarte,F. 56. Sta.,
168,Führer 78. SS-Standarte,F. 78 Sta.,
169,Stab SS-Abschnitt XXVII,Stab Ab. XXVII,
170,Führer 66. SS-Standarte,F. 66. Sta.,
171,Führer SS-Standarte Deutschland,F. SS-Sta. Deutschland,
172,Inspekteur Stammabteilung Süd,Insp. Stammabt. Süd,
173,Stab SS-Abschnitt XII,Stab Ab. XII,
174,Führer 62. SS-Standarte,F. 62. Sta.,
175,Führer 41. SS-Standarte,F. 41. Sta.,
176,Führer SS-Abschnitt III,F. Ab. III,
177,Stab SS-Abschnitt XIX,Stab Ab. XIX,
178,Führer 19. SS-Standarte,F. 19. Sta.,
179,Führer Sanitätsabteilung XXX,F. San. Abt. XXX,
180,Führer SS-Standarte Germania,F. SS-Sta. Germania,
181,Führer 85. SS-Standarte,F. 85. Sta.,
182,Führer 69. SS-Standarte,F. 69. Sta.,
183,SS-Oberabschnitt Arzt Nordost,Oa. Arzt Nordost,
184,beim Stab SS-Abschnitt XVIII,b. Stab Ab. XVIII,
185,Führer 7. SS-Reiterstandarte,F. 7. R. Sta.,
186,Führer 6. SS-Standarte,F. 6. Sta.,
187,Führer 92. SS-Standarte,F. 92. Sta.,
188,Stammabteilung Bezirk 35,Stammabt. 35,
189,Führer 4. SS-Standarte,F. 4. Sta.,
190,Führer 74. SS-Standarte,F. 74 Sta.,
191,Führer 39. SS-Standarte,F. 39. Sta.,
192,Führer 82. SS-Standarte,F. 82. Sta.,
193,Führer 54. SS-Standarte,F. 54. Sta.,
194,Führer 27. SS-Standarte,F. 27. Sta.,
195,Führer SS-Abschnitt X,F. Ab. X,
196,Führer 1. SS-Standarte,F. 1. Sta.,
197,beim Stab SS-Abschnitt XVI,b. Stab Ab. XVI,
198,Stammabteilung Bezirk 68,Stammabt. 68,
199,Stammabteilung Bezirk 05,Stammabt. 05,
200,Führer SS-Hauptreitschule München,F. SS-H. R. Sch. München,
201,Führer 9. SS-Reiterstandarte,F. 9. R. Sta.,
202,Führer Sanitätsabteilung III,F. San. Abt. III,
203,Führer 44. SS-Standarte,F. 44. Sta.,
204,Führer SS-Abschnitt XXXVIII,F. Ab. XXXVIII,
205,Führer SS-Abschnitt IV,F. Ab. IV,
206,Führer Konzentrationslager Buchenwald,F. K. L. Buchenwald,
207,Führer Sanitätsabteilung SS-Verfügungstruppe und Konzentrationslager,F. San. Abt. SS-T. V/K. L.,
208,beim Stab SS-Abschnitt XV,b. Stab Ab. XV,
209,Führer 51. SS-Standarte,F. 51. Sta.,
210,Führer 88. SS-Standarte,F. 88. Sta.,
211,Junkerschule Tölz,J. Sch. Tölz,
213,Führer 8. SS-Standarte,F. 8. Sta.,
214,Übungslager Dachau,Üb. L. Dachau,
215,Führer 34. SS-Standarte,F. 34. Sta.,
216,Führer 18. SS-Standarte,F. 18. Sta.,
217,Führer 20. SS-Standarte,F. 20. Sta.,
218,beim Stab SS-Abschnitt XXXVI,b. Stab Ab. XXXVI,
219,Führer 37. SS-Standarte,F. 37. Sta.,
220,Führer 35. SS-Standarte,F. 35. Sta.,
221,Führer 5. SS-Standarte,F. 5. Sta.,
222,Stab SS-Abschnitt XXI,Stab Ab. XXI,
223,Führer SS-Standarte Der Führer,F. SS-Sta. Der Führer,
224,Führerschule Dachau,F. Sch. Dachau,
225,Führer SS-Abschnitt XIII,F. Ab. XIII,
226,beim Stab SS-Abschnitt XVII,b. Stab Ab. XVII,
227,beim Stab SS-Abschnitt XXXI,b. Stab Ab. XXXI,
228,Führer 75. SS-Standarte,F. 75. Sta.,
229,Stab SS-Abschnitt XX,Stab Ab. XX,
230,Führer 61. SS-Standarte,F. 61. Sta.,
231,Führer 12. SS-Standarte,F. 12. Sta.,
232,Führer Sanitätsabteilung XXIV,F. San. Abt. XXIV,
233,Führer 1. SS-Totenkopfstandarte Oberbayern,F. 1. SS-T. St. Oberbayern,
234,Stab SS-Abschnitt XIII,Stab Ab. XIII,
235,Führer Junkerschule Tölz,F. J. Sch. Tölz,
236,Führer 55. SS-Standarte,F. 55. Sta.,
237,Führer 3. SS-Standarte,F. 3. Sta.,
238,Führer 2. SS-Standarte,F. 2. Sta.,
239,Stab SS-Abschnitt XXXI,Stab Ab. XXXI,
240,Führer 31. SS-Standarte,F. 31. Sta.,
241,Stammabteilung Bezirk 27,Stammabt. 27,
243,Stammabteilung Bezirk 46,Stammabt. 46,
244,Führer II. Sturmbann der 68. SS-Standarte,F. II/68,
245,30. SS-Standarte,30. Sta.,
246,"SS-Standarte ""Der Führer""","SS-Sta. ""Der Führer""",
247,Stammabteilung Bezirk 20,Stammabt. 20,
248,Stammabteilung Bezirk 71,Stammabt. 71,
249,Stammabteilung Bezirk 36,Stammabt. 36,
250,Führer I. Sturmbann der 31. SS-Standarte,F. I/31,
251,Stammabteilung Bezirk 57,Stammabt. 57,
252,Führer Sanitätsabteilung XXIII,F. San. Abt. XXIII,
253,48. SS-Standarte,48. Sta.,
254,Führer I. Sturmbann der Leibstandarte SS,F. I/Leibstandarte-SS,
255,Führer II. Sturmbann der Leibstandarte SS,F. II/Leibstandarte-SS,
256,Sanitätsabteilung XXV,San. Abt. XXV,
257,Stammabteilung Bezirk 15,Stammabt. 15,
258,Stammabteilung Bezirk 75,Stammabt. 75,
259,Hilfsgrenzangestellten-Sturmbann Südost,Higa. Stb. Südost,
260,Konzentrationslager Buchenwald,K. L. Buchenwald,
261,beim Stab SS-Abschnitt V,b. Stab Ab. V,
262,beim Stab SS-Abschnitt XXXIV,b. Stab Ab. XXXIV,
263,beim Stab SS-Abschnitt XIII,b. Stab Ab. XIII,
264,Führer Standarte zur besonderen Verfügung SS-Verfügungstruppe,F. Sta. z. b. V. SS-V. T.,
265,kommandiert zum Stab SS-Oberabschnitt Nord,kdrt. Stab Oa. Nord,
266,Stammabteilung Bezirk 39,Stammabt. 39,
267,Stammabteilung Bezirk 53,Stammabt. 53,
268,Führer Sanitätsabteilung XV,F. San. Abt. XV,
269,Führer I. Sturmbann der 41. SS-Standarte,F. I/41,
270,Stammabteilung Bezirk 80,Stammabt. 80,
271,Führer 59. SS-Standarte,F. 59. Sta.,
272,Stammabteilung Bezirk 31,Stammabt. 31,
273,Führer I. Sturmbann der 92. SS-Standarte,F. I/92,
274,Führer 11. SS-Reiterstandarte,F. 11. R. Sta.,
275,34. SS-Standarte,34. Sta.,
276,Führer 15. SS-Reiterstandarte,F. 15. R. Sta.,
277,Führer 86. SS-Standarte,F. 86. Sta.,
278,"Führer Sturmbann ""Nürnberg"" der SS-Verfügungstruppe","F. SS-""N""",
279,Sanitätsabteilung XI,San. Abt. XI,
280,Führer I. Sturmbann der 49. SS-Standarte,F. I/49,
281,Führer I. Sturmbann der 59. SS-Standarte,F. I/59,
282,Stammabteilung Bezirk 73,Stammabt. 73,
283,"Führer III. Sturmbann der SS-Standarte ""Der Führer""","F. III/SS-""Der Führer""",
284,Führer 9. SS-Standarte,F. 9. Sta.,
285,Führer III. Sturmbann der 41. SS-Standarte,F. III/41,
286,Führer 95. SS-Standarte,F. 95. Sta.,
287,Führer II. Sturmbann der 27. SS-Standarte,F. II/27,
288,Stab SS-Abschnitt XXVIII,Stab Ab. XXVIII,
289,Führer II. Sturmbann der 51. SS-Standarte,F. II/51,
290,Inspekteur Stammabteilung Ost,Insp. Stammabt. Ost,
291,Stab SS-Abschnitt XVIII,Stab Ab. XVIII,
292,Führer 64. SS-Standarte,F. 64. Sta.,
293,Stab SS-Abschnitt XXII,Stab Ab. XXII,
294,kommandiert zum SD-Hauptamt,kdrt. SD-Hauptamt,
295,Führer Sanitätsabteilung XVI,F. San. Abt. XVI,
296,Führer 14. SS-Reiterstandarte,F. 14. R. Sta.,
297,Inspekteur Stammabteilung Main,Insp. Stammabt. Main,
298,Führer 68. SS-Standarte,F. 68. Sta.,
299,Führer 16. SS-Standarte,F. 68. Sta.,
300,Führer 94. SS-Standarte,F. 94. Sta.,
301,Führer 33. SS-Standarte,F. 33. Sta.,
302,Stammabteilung Bezirk 56,Stammabt. 56,
303,Führer Sanitätsabteilung XXXII,F. San. Abt. XXXII,
304,Führer III. Sturmbann der 86. SS-Standarte,F. III/86,
305,Stammabteilung Bezirk 67,Stammabt. 67,
306,45. SS-Standarte,45. Sta.,
307,23. SS-Standarte,23. Sta.,
308,Führer SS-Kraftfahrschule Berne,F. SS-K. Sch. Berne,
309,18. SS-Standarte,18. Sta.,
310,Führer III. Sturmbann der SS-Standarte Deutschland,F. III/SS-Deutschland,
311,Führer Pioniersturmbann der SS-Verfügungstruppe,F. SS-Pi.,
312,Stab SS-Abschnitt III,Stab Ab. III,
313,Führer 72. SS-Standarte,F. 72. Sta.,
314,Führer I. Sturmbann der SS-Standarte Deutschland,F. I/SS-Deutschland,
315,Stammabteilung Bezirk 41,Stammabt. 41,
316,Sanitätsabteilung SS-Verfügungstruppe,San. Abt. SS-V. T.,
317,Stammabteilung Bezirk 12,Stammabt. 12,
318,Stammabteilung Bezirk 85,Stammabt. 85,
319,Führer 71. SS-Standarte,F. 71. Sta.,
320,Stammabteilung Bezirk 08,Stammabt. 08,
321,Führer 36. SS-Standarte,F. 36. Sta.,
322,SS-Oberabschnitt Arzt West,Oa. Arzt West,
323,Führer Sanitätsabteilung XIX,F. San. Abt. XIX,
324,Führer I. Sturmbann der SS-Standarte Germania,F. I/SS-Germania,
325,"Führer I. Sturmbann der SS-Standarte ""Der Führer""","F. I/SS-""Der Führer""",
326,beim Stab SS-Abschnitt XII,b. Stab Ab. XII,
327,Führer 10. SS-Standarte,F. 10. Sta.,
328,Führer 52. SS-Standarte,F. 52. Sta.,
329,Führer 89. SS-Standarte,F. 89. Sta.,
330,Führer 101. SS-Standarte,F. 101. Sta.,
331,Führer I. Sturmbann der 54. SS-Standarte,F. I/54,
332,Führer II. Sturmbann der 22. SS-Standarte,F. II/22,
333,Führer III. Sturmbann der 20. SS-Standarte,F. III/20,
334,Führer 32. SS-Standarte,F. 32. Sta,
335,Führer 26. SS-Standarte,F. 26. Sta.,
336,Führer 60. SS-Standarte,F. 60. Sta.,
337,Führer 93. SS-Standarte,F. 93. Sta.,
338,Führer II. Sturmbann der 85. SS-Standarte,F. II/85,
339,Führer 48. SS-Standarte,F. 48. Sta.,
340,Stab SS-Abschnitt XXV,Stab Ab. XXV,
341,Führer III. Sturmbann der Leibstandarte-SS,F. III/Leibstandarte-SS,
342,Führer III. Sturmbann der SS-SS-Standarte Germania,F. III/SS-Germania,
343,kommandiert zur Junkerschule Braunschweig,kdrt. J. Sch. Braunschweig,
344,Führer II. Sturmbann der 93. SS-Standarte,F. II/93,
345,Führer 14. SS-Standarte,F. 14. Sta.,
346,beim Stab SS-Abschnitt XXV,b. Stab Ab. XXV,
347,Stammabteilung Bezirk 13,Stammabt. 13,
348,Führer SS-Pioniereinheit 7,F. Pi. 7,
349,Führer 15. SS-Standarte,F. 15. Sta.,
350,Führer 73. SS-Standarte,F. 73. Sta.,
351,Führer 84. SS-Standarte,F. 84. Sta.,
352,Führer I. Sturmbann der 10. SS-Standarte,F. I/10,
353,Stammabteilung Bezirk 11,Stammabt. 11,
354,Führer SS-Nachrichteneinheit 5,F. Na. 5,
355,Inspekteur Stammabteilung Rhein,Insp. Stammabt. Rhein,
356,Führer 16. SS-Reiterstandarte,F. 16. R. Sta.,
357,Führer 22. SS-Standarte,F. 22. Sta.,
358,Stab SS-Abschnitt XVI,Stab Ab. XVI,
359,beim Stab SS-Abschnitt XXIV,b. Stab Ab. XXIV,
360,beim Stab SS-Abschnitt XXXVII,b. Stab Ab. XXXVII,
361,Führer 102. SS-Standarte,F. 102. Sta.,
362,Führer 99. SS-Standarte,F. 99. Sta.,
363,Führer II. Sturmbann der 57. SS-Standarte,F. II/57,
364,Führer Reservesturmbann der 62. SS-Standarte,F. Res. Stb. 62,
365,13. SS-Standarte,13. Sta.,
366,Führer 29. SS-Standarte,F. 29. Sta.,
367,Sanitätsabteilung SS-Totenkopfverbände und Konzentrationlager,San. Abt. SS-T.V. / K.L.,
368,Führer 70. SS-Standarte,F. 70. Sta.,
369,Stammabteilung Bezirk 58,Stammabt. 58,
370,Führer 46. SS-Standarte,F. 46. Sta.,
371,Stammabteilung Bezirk 64,Stammabt. 64,
372,Stammabteilung Bezirk 59,Stammabt. 59,
373,Stammabteilung Bezirk 25,Stammabt. 25,
374,Sanitätsabteilung II,San. Abt. II,
375,Sanitätsabteilung V,San. Abt. V,
376,Stammabteilung Bezirk 02,Stammabt. 02,
377,Führer I. Sturmbann der 7. SS-Standarte,F. I/7,
378,3. SS-Totenkopfstandarte Thüringen,3. SS-T. St. Thüringen,
379,Stammabteilung Bezirk 86,Stammabt. 86,
380,Stammabteilung Bezirk 54,Stammabt. 54,
381,II. Sturmbann der SS-Standarte Deutschland,II/SS-Deutschland,
382,Inspekteur Stammabteilung Bezirk Nordost,Insp. Stammabt. Nordost,
383,Führer I. Sturmbann der 63. SS-Standarte,F. I/63,
384,Führer 49. SS-Standarte,F. 49. Sta.,
385,Sanitätsabteilung XX,San. Abt. XX,
386,SS-Standarte Germania,SS-Sta. Germania,
387,Stammabteilung Bezirk 49,Stammabt. 49,
388,1. SS-Standarte,1. Sta.,
389,Stab SS-Abschnitt IX,Stab Ab. IX,
390,Stammabteilung Bezirk 78,Stammabt. 78,
391,Führer I. Sturmbann der 46. SS-Standarte,F. I/46,
392,Stammabteilung Bezirk 42,Stammabt. 42,
394,Führer 81. SS-Standarte,F. 81. Sta.,
395,Führer III. Sturmbann der 83. SS-Standarte,F. III/83,
396,Führer I. Sturmbann der 1. SS-Standarte,F. I/1,
397,Führer I. Sturmbann der 55. SS-Standarte,F. I/55,
398,Stammabteilung Bezirk 26,Stammabt. 26,
399,Führer II. Sturmbann der 2. SS-Standarte,F. II/2,
400,Führer III. Sturmbann der 12. SS-Standarte,F. III/12,
401,Stammabteilung Bezirk 18,Stammabt. 18,
402,beim Stab SS-Abschnitt II,b. Stab Ab. II,
403,Führer II. Sturmbann der 23. SS-Standarte,F. II/23,
404,Sanitätsabteilung XIV,San. Abt. XIV,
405,Stammabteilung Bezirk 22,Stammabt. 22,
406,Führer III. Sturmbann der 10. SS-Standarte,F. III/10,
407,24. SS-Standarte,24. Sta.,
408,Führer Sanitätsabteilung IV,F. San. Abt. IV,
409,Führer II. Sturmbann der 24. SS-Standarte,F. II/24,
410,Führer 79. SS-Standarte,F. 79. Sta.,
411,Führer II. Sturmbann der 70. SS-Standarte,F. II/70,
412,Konzentrationslager Dachau,K. L. Dachau,
413,beim Stab SS-Abschnitt XXIII,b. Stab Ab. XXIII,
414,Führer 24. SS-Standarte,F. 24. Sta.,
415,Sanitätsabteilung XXIII,San. Abt. XXIII,
416,Führer 17. SS-Standarte,F. 17. Sta.,
417,19. SS-Standarte,19. Sta.,
418,Führer 13. SS-Reiterstandarte,F. 13. R. Sta.,
419,Führer II. Sturmbann der 48. SS-Standarte,F. II/48,
420,Führer III. Sturmbann der 29. SS-Standarte,F. III/29,
421,Führer 25. SS-Standarte,F. 25. Sta.,
422,Stammabteilung Bezirk 91,Stammabt. 91,
423,Führer I. Sturmbann der 77. SS-Standarte,F. I/77,
424,Führer I. Sturmbann der 88. SS-Standarte,F. I/88,
425,3. SS-Standarte,3. Sta.,
426,Führer III. Sturmbann der 9. SS-Standarte,F. III/9,
427,Stammabteilung Bezirk 65,Stammabt. 65,
428,Führer II. Sturmbann der 74. SS-Standarte,F. II/74,
429,Führer I. Sturmbann der 56. SS-Standarte,F. I/56,
430,Führer SS-Nachrichteneinheit 8,F. Na. 8,
431,Führer I. Sturmbann der 45. SS-Standarte,F. I/45,
432,Führer III. Sturmbann der 23. SS-Standarte,F. III/23,
433,58. SS-Standarte,58. Sta.,
434,Führer III. Sturmbann der 2. SS-Standarte,F. III/2,
435,Führer II. Sturmbann der 1. SS-Standarte,F. II/1,
436,Führer I. Sturmbann der 60. SS-Standarte,F. I/60,
437,Führer I. Sturmbann der 69. SS-Standarte,F. I/69,
438,Führer II. Sturmbann der 50. SS-Standarte,F. II/50,
439,Führer I. Sturmbann der 75. SS-Standarte,F. I/75,
440,Stammabteilung Bezirk 93,Stammabt. 93,
441,Führer III. Sturmbann der 54. SS-Standarte,F. III/54,
442,Führer III. Sturmbann der 78. SS-Standarte,F. III/78,
443,beim Stab SS-Abschnitt XXII,b. Stab Ab. XXII,
444,Führer III. Sturmbann der 19. SS-Standarte,F. III/19,
445,Führer II. Sturmbann der 16. SS-Standarte,F. II/16,
446,Stab SS-Abschnitt XXIII,Stab Ab. XXIII,
447,67. SS-Standarte,67. Sta.,
448,Führer Reservesturmbann der 58. SS-Standarte,F. Res. Stb. 58,
449,Stammabteilung Bezirk 66,Stammabt. 66,
450,Stammabteilung Bezirk 04,Stammabt. 04,
451,Führer III. Sturmbann der 58. SS-Standarte,F. III/58,
452,Sanitätsabteilung III,San. Abt. III,
453,Stammabteilung Bezirk 21,Stammabt. 21,
454,Führer II. Sturmbann der 62. SS-Standarte,F. II/62,
455,beim Stab SS-Abschnitt XIX,b. Stab Ab. XIX,
456,1. SS-Totenkopfstandarte Oberbayern,1. SS-T. St. Oberbayern,
457,Führer II. Sturmbann der 92. SS-Standarte,F. II/92,
458,Führer 83. SS-Standarte,F. 83. Sta.,
459,Stammabteilung Bezirk 03,Stammabt. 03,
460,Führer II. Sturmbann der 44. SS-Standarte,F. II/44,
461,50. SS-Standarte,50. Sta.,
462,Sanitätsabteilung XXIX,San. Abt. XXIX,
463,Sanitätsabteilung IX,San. Abt. IX,
464,15. SS-Standarte,15. Sta.,
465,10. SS-Reiterstandarte,10. R. Sta.,
466,41. SS-Standarte,41. Sta.,
467,SS-Standarte Deutschland,SS-Sta. Deutschland,
468,Sanitätsabteilung VI,San. Abt. VI,
469,8. SS-Reiterstandarte,8. R. Sta.,
470,Sanitätsabteilung XII,San. Abt. XII,
471,26. SS-Standarte,26. Sta.,
472,Stab SS-Abschnitt II,Stab Ab. II,
473,62. SS-Standarte,62. Sta.,
474,Stammabteilung Bezirk 19,Stammabt. 19,
475,Führer II. Sturmbann der 19. SS-Standarte,F. II/19,
476,Führer III. Sturmbann der 96. SS-Standarte,F. III/96,
477,Führer I. Sturmbann der 68. SS-Standarte,F. I/68,
478,Führer II. Sturmbann der 47. SS-Standarte,F. II/47,
479,Führer I. Sturmbann der 30. SS-Standarte,F. I/30,
480,SS-Oberabschnitt Arzt Rhein,Oa. Arzt Rhein,
481,Sanitätsabteilung I,San. Abt. I,
482,Führer 13. SS-Standarte,F. 13. Sta.,
483,Führer 104. SS-Standarte,F. 104. Sta.,
484,Führer III. Sturmbann der 6. SS-Standarte,F. III/6,
485,Führer 67. SS-Standarte,F. 67. Sta.,
486,Stammabteilung Bezirk 40,Stammabt. 40,
487,Führer III. Sturmbann der 1. SS-Standarte,F. III/1,
488,Führer I. Sturmbann der 43. SS-Standarte,F. I/43,
489,Führer Reservestrumbann der 2. SS-Standarte,F. Res. Stb. 2,
490,Führer I. Sturmbann der 53. SS-Standarte,F. I/53,
491,Führer III. Sturmbann der 36. SS-Standarte,F. III/36,
492,Führer III. Sturmbann der 15. SS-Standarte,F. III/15,
493,4. SS-Reiterstandarte,4. R. Sta.,
494,Führer 3. SS-Reiterstandarte,F. 3. R. Sta.,
495,Führer III. Sturmbann der 80. SS-Standarte,F. III/80,
496,70. SS-Standarte,70. Sta.,
497,Führer II. Sturmbann der SS-Standarte Germania,F. II/SS-Germania,
498,Führer 1. SS-Reiterstandarte,F. 1. R. Sta.,
499,Führer 103. SS-Standarte,F. 103. Sta.,
500,Führer III. Sturmbann der  42. SS-Standarte,F. III/42,
501,93. SS-Standarte,93. Sta.,
502,Führer I. Sturmbann der 57. SS-Standarte,F. I/57,
503,Stammabteilung Bezirk 29,Stammabt. 29,
504,Führer SS-Pioniereinheit 3,F. Pi. 3,
506,Stammabteilung Bezirk 63,Stammabt. 63,
507,Führer 3. SS-Totenkopfstandarte Thüringen,F. 3. SS-T. St. Thüringen,
508,Sanitätsabteilung XXVIII,San. Abt. XXVIII,
509,Führer III. Sturmbann der 51. SS-Standarte,F. III/51,
510,SS-Hauptreitschule München,SS-H. R. Sch. München,
511,Führer I. Sturmbann der 32. SS-Standarte,F. I/32,
512,Konzentrationslager Sachsenhausen,K. L. Sachsenhausen,
513,Führer I. Sturmbann der 4. SS-Standarte,F. I/4,
514,Führer Sanitätsabteilung XXVIII,F. San. Abt. XXVIII,
515,Führer 7. SS-Standarte,F. 7. Sta.,
516,Sanitätsabteilung XXVII,San. Abt. XXVII,
517,Sanitätsabteilung XV,San. Abt. XV,
518,33. SS-Standarte,33. Sta.,
519,Führer II. Sturmbann der 42. SS-Standarte,F. II/42,
520,Führer I. Sturmbann der 6. SS-Standarte,F. I/6,
521,Führer II Sturmbann der 75. SS-Standarte,F. II/75,
522,Führer II. Sturmbann der 78. SS-Standarte,F. II/78,
523,16. SS-Standarte,16. Sta.,
524,SS-Oberabschnitt Arzt Elbe,Oa. Arzt Elbe,
525,Stab SS-Abschnitt XXXV,Stab Ab. XXXV,
526,Führer SS-Nachrichteneinheit 3,F. Na. 3,
527,Führer III. Sturmbann der der 4. SS-Totenkopfstandarte Ostmark,F. III/4. SS-T. St. Ostmark,
528,Führer SS-Pioniereinheit 1,F. Pi. 1,
529,Stab SS-Abschnitt XI,Stab Ab. XI,
530,Führer III. Sturmbann der 50. SS-Standarte,F. III/50,
531,Stammabteilung Bezirk 28,Stammabt. 28,
532,Führer Reservesturmbann der 40. SS-Standarte,F. Res. Stb. 40,
533,Führer II. Sturmbann der 53. SS-Standarte,F. II/53,
534,Führer III. Sturmbann der 2. SS-Totenkopfstandarte Brandenburg,F. III/2. SS-T. St. Brandenburg,
535,Führer 28. SS-Standarte,F. 28. Sta.,
536,Führer SS-Pioniereinheit 8,F. Pi. 8,
537,Führer I. Sturmbann der 1. SS-Totenkopfstandarte Oberbayern,F. I/1. SS-T. St. Oberbayern,
538,Führer 99. SS-Standarte,F. 99. Sta.,
539,I. Sturmbann der SS-Standarte Germania,I/SS-Germania,
540,Stab SS-Abschnitt XXXII,Stab Ab. XXXII,
541,Führer 21. SS-Reiterstandarte,F. 21. R. Sta.,
542,Führer II. Sturmbann der 20. SS-Standarte,F. II/20,
543,Führer SS-Nachrichteneinheit,F. SS-Na.,
544,Stammabteilung Bezirk 89,Stammabt. 89,
545,Stammabteilung Bezirk 50,Stammabt. 50,
546,Stab SS-Abschnitt XIV,Stab Ab. XIV,
547,Führer II. Sturmbann der 10. SS-Standarte,F. II/10,
548,Stab SS-Abschnitt XXX,Stab Ab. XXX,
549,Führer Reservesturmbann der 10. SS-Standarte,F. Res. Stb. 10,
550,Führer III. Sturmbann der 16. SS-Standarte,F. III/16,
551,Inspekteur Stammabteilung Südost,Insp. Stammabt. Südost,
552,Führer 97. SS-Standarte,F. 97. Sta.,
553,Führer III. Sturmbann der 59. SS-Standarte,F. III/59,
554,Führer 33. SS-Standarte,F. 33. Sta.,
555,Führer I. Sturmbann der 33. SS-Standarte,F. I/33,
556,Führer 11. SS-Standarte,F. 11. Sta.,
557,Führer III. Sturmbann der 87. SS-Standarte,F. III/87,
558,SS-Oberabschnitt Arzt Donau,Oa. Arzt Donau,
559,Führer 76. SS-Standarte,F. 76. Sta.,
560,Führer 87. SS-Standarte,F. 87. Sta.,
561,87. SS-Standarte,87. Sta.,
562,"Führer II Sturmbann der SS-Standarte ""Der Führer""","F. II/SS-""Der Führer""",
563,Führer 90. SS-Standarte,F. 90. Sta.,
564,Führer III. Sturmbann der 73. SS-Standarte,F. III/73,
565,Führer III. Sturmbann der 3. SS-Totenkopfstandarte Thüringen,F. III/3. SS-T. St. Thüringen,
566,Führer 91. SS-Standarte,F. 91. Sta.,
567,Führer I. Sturmbann der 65. SS-Standarte,F. I/65,
568,Führer III. Sturmbann der 60. SS-Standarte,F. III/60,
570,Führer I. Sturmbann der 64. SS-Standarte,F. I/64,
571,Führer III. Sturmbann der 70. SS-Standarte,F. III/70,
572,SS-Oberabschnitt Arzt Nord,Oa. Arzt Nord,
573,35. SS-Standarte,35. Sta.,
574,Führer I. Sturmbann der 48. SS-Standarte,F. I/48,
575,Führer II. Sturmbann der 41. SS-Standarte,F. II/41,
576,Führer 100. SS-Standarte,F. 100. Sta.,
577,Führer I. Sturmbann der 82. SS-Standarte,F. I/82,
578,Stab SS-Abschnitt V,Stab Ab. V,
579,Führer II. Sturmbann der 15. SS-Standarte,F. II/15,
580,Führer II. Sturmbann der 30. SS-Standarte,F. II/30,
581,Führer II. Sturmbann der 13. SS-Standarte,F. II/13,
582,Führer Konzentrationslager Flossenbürg,F. K. L. Flossenbürg,
583,Führer II. Sturmbann der 7. SS-Standarte,F. II/7,
584,Führer II. Sturmbann der SS-Standarte Deutschland,F. II/SS-Deutschland,
585,Führer I. Sturmbann der SS-Totenkopfstandarte Ostmark,F. I/SS-T. St. Ostmark,
586,Führer Konzentrationslager Mauthausen,F. K. L. Mauthausen,
587,Führer I. Sturmbann der 2. SS-Standarte,F. I/2,
588,Führer I. Sturmbann der 18. SS-Standarte,F. I/18,
589,Führer I. Sturmbann der 81. SS-Standarte,F. I/81,
590,Führer 8. SS-Reiterstandarte,F. 8. R. Sta.,
591,Führer II. Sturmbann der 18. SS-Standarte,F. II/18,
592,Führer SS-Nachrichteneinheit 11,F. Na. 11,
593,Stab SS-Abschnitt XXVI,Stab Ab. XXVI,
594,Führer Sanitätsabteilung XXV,F. San. Abt. XXV,
595,Führer III. Sturmbann der 48. SS-Standarte,F. III/48,
596,Führer I. Sturmbann der 3. SS-Standarte,F. I/3,
597,Führer III. Sturmbann der 85. SS-Standarte,F. III/85,
598,Stab SS-Abschnitt XXIV,Stab Ab. XXIV,
599,Führer I. Sturmbann der 40. SS-Standarte,F. I/40,
600,Führer III. Sturmbann der 63. SS-Standarte,F. III/63,
601,Stab SS-Abschnitt XXXIII,Stab Ab. XXXIII,
602,Führer III. Sturmbann der 3. SS-Standarte,F. III/3,
603,SS-Oberabschnitt Arzt Südwest,Oa. Arzt Südwest,
604,Führer SS-Pioniereinheit 5,F. Pi. 5,
605,Führer III. Sturmbann der 64. SS-Standarte,F. III/64,
606,Führer I. Sturmbann der 74. SS-Standarte,F. I/74,
607,Führer II. Sturmbann der 54. SS-Standarte,F. II/54,
608,Stab SS-Abschnitt XXXVI,Stab Ab. XXXVI,
609,Führer SS-Pioniereinheit 6,F. Pi. 6,
610,Stab SS-Abschnitt X,Stab Ab. X,
611,Führer SS-Nachrichteneinheit 10,F. Na. 10,
612,Führer III. Sturmbann der 27. SS-Standarte,F. III/27,
613,Führer SS-Pioniereinheit 10,F. Pi. 10,
614,Führer II. Sturmbann der 11. SS-Standarte,F. II/11,
615,beim Stab SS-Abschnitt X,b. Stab Ab. X,
616,Führer II. Sturmbann der SS-Totenkopfstandarte Oberbayern,F. II/SS-T. St. Oberbayern,
617,beim Stab SS-Abschnitt XXI,b. Stab Ab. XXI,
618,Führer Sanitätsabteilung VIII,F. San. Abt. VIII,
619,Führer I. Sturmbann der 26. SS-Standarte,F. I/26,
621,Führer I. Sturmbann der 70. SS-Standarte,F. I/70,
622,Führer III. Sturmbann der 32. SS-Standarte,F. III/32,
623,Führer Sanitätsabteilung XX,F. San. Abt. XX,
624,Führer III. Sturmbann der SS-Totenkopfstandarte Oberbayern,F. III/SS-T. St. Oberbayern,
625,Führer III. Sturmbann der 4. SS-Standarte,F. III/4,
626,Führer III. Sturmbann der 75. SS-Standarte,F. III/75,
627,Führer III. Sturmbann der 69. SS-Standarte,F. III/69,
628,Führer I. Sturmbann der 12. SS-Standarte,F. I/12,
629,Führer II. Sturmbann der 80. SS-Standarte,F. II/80,
630,Führer II. Sturmbann der 29. SS-Standarte,F. II/29,
631,2. SS-Totenkopfstandarte Brandenburg,2. SS-T. St. Brandenburg,
632,Sanitätsabteilung XIX,San. Abt. XIX,
633,Führer 21. SS-Standarte,F. 21. Sta.,
634,Führer I. Sturmbann der 35. SS-Standarte,F. I/35,
635,47. SS-Standarte,47. Sta.,
636,14. SS-Standarte,14. Sta.,
637,60. SS-Standarte,60. Sta.,
638,Stammabteilung Bezirk 51,Stammabt. 51,
639,Sanitätsabteilung XVI,San. Abt. XVI,
640,Sanitätsabteilung IV,San. Abt. IV,
641,III. Sturmbann der SS-Standarte Deutschland,III/SS-Deutschland,
642,Führer I. Sturmbann der 103. SS-Standarte,F. I/103,
643,Führer II. Sturmbann der 4. SS-Standarte,F. II/4,
644,57. SS-Standarte,57. Sta.,
645,92. SS-Standarte,92. Sta.,
646,Führer Reservesturmbann der 47. SS-Standarte,F. Res. Stb. 47,
647,Stammabteilung Bezirk 16,Stammabt. 16,
648,Stammabteilung Bezirk 84,Stammabt. 84,
650,31. SS-Standarte,31. Sta.,
651,68. SS-Standarte,68. Sta.,
652,"Sturmbann ""Nürnberg"" der SS-Verfügungstruppe","SS-""N""",
653,25. SS-Standarte,25. Sta.,
654,Führer SS-Nachrichteneinheit 7,F. Na. 7,
655,Sanitätsabteilung XXIV,San. Abt. XXIV,
656,I. Sturmbann der SS-Standarte Deutschland,I/SS-Deutschland,
657,Führer II. Sturmbann der 14. SS-Standarte,F. II/14,
658,IV. Sturmbann der SS-Standarte Deutschland,IV/SS-Deutschland,
659,Stammabteilung Bezirk 43,Stammabt. 43,
660,Stammabteilung Bezirk 23,Stammabt. 23,
661,"I. Sturmbann der SS-Standarte ""Der Führer""","I/SS-""Der Führer""",
662,SS-Pioniereinheit 6,Pi. 6,
663,Stammabteilung Bezirk 60,Stammabt. 60,
664,43. SS-Standarte,43. Sta.,
665,Stammabteilung Bezirk 47,Stammabt. 47,
666,Stammabteilung Bezirk 77,Stammabt. 77,
667,Stammabteilung Bezirk 17,Stammabt. 17,
668,Führer II. Sturmbann der 17. SS-Standarte,F. II/17,
669,Führer Reservesturmbann der 67. SS-Standarte,F. Res. Stb. 67,
670,Führer III. Sturmbann der 71. SS-Standarte,F. III/71,
671,Führer III. Sturmbann der. 77. SS-Standarte,F. III/77,
672,90. SS-Standarte,90. Sta.,
673,Stammabteilung Bezirk 10,Stammabt. 10,
674,Stammabteilung Bezirk 33,Stammabt. 33,
675,Stammabteilung Bezirk 14,Stammabt. 14,
676,40. SS-Standarte,40. Sta.,
677,7. SS-Reiterstandarte,7. R. Sta.,
678,beim Stab SS-Abschnitt XX,b. Stab Ab. XX,
679,Führer I. Sturmbann der 3. SS-Totenkopfstandarte Thüringen,F. I/3. SS-T. St. Thüringen,
680,SS-Pioniereinheit 10,Pi. 10,
681,91. SS-Standarte,91. Sta.,
682,4. SS-Totenkopfstandarte Ostmark,4. SS-T. St. Ostmark,
683,Stammabteilung Bezirk 70,Stammabt. 70,
684,2. SS-Standarte,2. Sta.,
685,SS-Kraftfahreinheit 5,K. 5,
686,Stammabteilung Bezirk 24,Stammabt. 24,
687,Führer Sanitätsabteilung XXXIV,F. San. Abt. XXXIV,
688,36. SS-Standarte,36. Sta.,
689,32. SS-Standarte,32. Sta.,
690,Führer II. Sturmbann der 3. SS-Standarte,F. II/3,
691,71. SS-Standarte,71. Sta.,
692,Führer III. Sturmbann der 56. SS-Standarte,F. III/56,
693,Führer III. Sturmbann der 66. SS-Standarte,F. III/66,
694,"III. Sturmbann der SS-Standarte ""Der Führer""","III/SS-""Der Führer""",
695,II. Sturmbann der SS-Standarte Germania,II/SS-Germania,
696,85. SS-Standarte,85. Sta.,
697,Stammabteilung Bezirk 88,Stammabt. 88,
698,Führer II. Sturmbann der 84. SS-Standarte,F. II/84,
699,Sanitätsabteilung XVII,San. Abt. XVII,
700,kommandiert zur SS-Standarte Deutschland,kdrt. SS-Sta. Deutschland,
701,Führer III. Sturmbann der 88. SS-Standarte,F. III/88,
702,Führer III. Sturmbann der 82. SS-Standarte,F. III/82,
703,49. SS-Standarte,49. Sta.,
704,beim Stab SS-Abschnitt XI,b. Stab Ab. XI,
705,Führer I. Sturmbann der 2. SS-Totenkopfstandarte Brandenburg,F. I/2. SS-T. St. Brandenburg,
706,83. SS-Standarte,83. Sta.,
707,Führer II. Sturmbann der 2. SS-Totenkopfstandarte Brandenburg,F. II/2. SS-T. St. Brandenburg,
708,Konzentrationslager Lichtenburg,K. L. Lichtenburg,
709,Sanitätsabteilung XXXIV,San. Abt. XXXIV,
710,4. SS-Standarte,4. Sta.,
711,56. SS-Standarte,56. Sta.,
712,Sanitätsabteilung VII,San. Abt. VII,
713,10. SS-Standarte,10. Sta.,
714,SS-Kraftfahreinheit 10,K. 10,
715,Stammabteilung Bezirk 92,Stammabt. 92,
716,SS-Kraftfahreinheit 12,K. 12,
717,kommandiert zum Stab Reichsführer-SS,kdrt. Stab RFSS,
718,Führer III. Sturmbann der 22. SS-Standarte,F. III/22,
719,III. Sturmbann der SS-Standarte Germania,III/SS-Germania,
720,65. SS-Standarte,65. Sta.,
721,Führer III. Sturmbann der 28. SS-Standarte,F. III/28,
722,Führer III. Sturmbann der 31. SS-Standarte,F. III/31,
723,Führer II. Sturmbann der 81. SS-Standarte,F. II/81,
724,Führer II. Sturmbann der 3. SS-Totenkopfstandarte Thüringen,F. II/3. SS-T. St. Thüringen,
725,Führer II. Sturmbann der 49. SS-Standarte,F. II/49,
726,80. SS-Standarte,80. Sta.,
727,94. SS-Standarte,94. Sta.,
728,Führer I. Sturmbann der 51. SS-Standarte,F. I/51,
729,Führer I. Sturmbann der 19. SS-Standarte,F. I/19,
731,6. SS-Standarte,6. Sta.,
732,Stab SS-Abschnitt XVII,Stab Ab. XVII,
733,Führer Reservesturmbann der 1. SS-Standarte,F. Res. Stb. 1,
734,Führer III. Sturmbann der 44. SS-Standarte,F. III/44,
735,Führer II. Sturmbann der 45. SS-Standarte,F. II/45,
736,22. SS-Standarte,22. Sta.,
737,Führer Sanitätsabteilung XXII,F. San. Abt. XXII,
738,Führer SS-Nachrichteneinheit 4,F. Na. 4,
739,Führer II. Sturmbann der 69. SS-Standarte,F. II/69,
740,51. SS-Standarte,51. Sta.,
741,Führer I. Sturmbann der 39. SS-Standarte,F. I/39,
742,27. SS-Standarte,27. Sta.,
743,Führer I. Sturmbann der 28. SS-Standarte,F. I/28,
744,Führer Reservesturmbann der 20. SS-Standarte,F. Res. Stb. 20,
745,63. SS-Standarte,63. Sta.,
746,7. SS-Standarte,7. Sta.,
747,79. SS-Standarte,79. Sta.,
748,42. SS-Standarte,42. Sta.,
749,"Stab Reichsführer-SS, Kriminalkommando","Stab RFSS, Kr. Kdo.",
750,Sanitätsabteilung XXXII,San. Abt. XXXII,
751,Sanitätsabteilung XXII,San. Abt. XXII,
752,Führer I. Sturmbann der 73. SS-Standarte,F. I/73,
753,Führer Sanitätsabteilung I,F. San. Abt. I,
754,28. SS-Standarte,28. Sta.,
755,Führer Reservesturmbann der 25. SS-Standarte,F. Res. Stb. 25,
756,kommandiert zum Stab SS-Oberabschnitt Rhein,kdrt. Stab Oa. Rhein,
757,Führer III. Sturmbann der 35. SS-Standarte,F. III/35,
758,Pioniersturmbann der SS-Verfügungstruppe,SS-Pi,
759,Stab SS-Abschnitt VIII,Stab Ab. VIII,
760,Führer II. Sturmbann der 40. SS-Standarte,F. II/40,
761,Führer I. Sturmbann der 9. SS-Standarte,F. I/9,
762,Führer III. Sturmbann der 30. SS-Standarte,F. III/30,
763,Stammabteilung Bezirk 48,Stammabt. 48,
764,Führer I. Sturmbann der 14. SS-Standarte,F. I/14,
765,Führer II. Sturmbann der 72. SS-Standarte,F. II/72,
766,Führer III. Sturmbann der 25. SS-Standarte,F. III/25,
767,Führer II. Sturmbann der 63. SS-Standarte,F. II/63,
768,Führer III. Sturmbann der 62. SS-Standarte,F. III/62,
769,Führer I. Sturmbann der 16. SS-Standarte,F. I/16,
770,kommandiert zum Stab SS-Oberabschnitt Mitte,kdrt. Stab. Oa Mitte,
771,Führer II. Sturmbann der 55. SS-Standarte,F. II/55,
772,SS-Nachrichteneinheit,SS-Na,
773,Führer III. Sturmbann der 13. SS-Standarte,F. III/13,
774,69. SS-Standarte,69. Sta.,
775,77. SS-Standarte,77. Sta.,
776,81. SS-Standarte,81. Sta.,
777,6. SS-Reiterstandarte,6. R. Sta.,
778,SS-Nachrichteneinheit 10,Na. 10,
779,Führer II. Sturmbann der 71. SS-Standarte,F. II/71,
780,SS-Kraftfahreinheit 3,K. 3,
781,SS-Pioniereinheit 3,Pi. 3,
782,beim Stab SS-Abschnitt IX,b. Stab Ab. IX,
783,72. SS-Standarte,72. Sta.,
784,39. SS-Standarte,39. Sta.,
785,54. SS-Standarte,54. Sta.,
786,82. SS-Standarte,82. Sta.,
787,59. SS-Standarte,59. Sta.,
788,20. SS-Standarte,20. Sta.,
789,Führer Reservesturmbann der 42. SS-Standarte,F. Res. Stb. 42,
790,Führer I. Sturmbann der 80. SS-Standarte,F. I/80,
791,Führer II. Sturmbann der 67. SS-Standarte,F. II/67,
792,Führer III. Sturmbann der 21. SS-Standarte,F. III/21,
793,55. SS-Standarte,55. Sta.,
794,Führer I. Sturmbann der 101. SS-Standarte,F. I/101,
795,Sanitätsabteilung XXX,San. Abt. XXX,
796,Führer III. Sturmbann der 7. SS-Standarte,F. III/7,
797,Führer I. Sturmbann der 44. SS-Standarte,F. I/44,
798,Führer III. Sturmbann der 53. SS-Standarte,F. III/53,
799,Führer III. Sturmbann der 97. SS-Standarte,F. III/97,
800,Führer I. Sturmbann der 23. SS-Standarte,F. I/23,
801,Führer III. Sturmbann der 76. SS-Standarte,F. III/76,
802,78. SS-Standarte,78. Sta.,
803,Führer II. Sturmbann der 83. SS-Standarte,F. II/83,
804,Führer I. Sturmbann der 17. SS-Standarte,F. I/17,
805,Führer III. Sturmbann der 67. SS-Standarte,F. III/67,
806,Führer I. Sturmbann der 79. SS-Standarte,F. I/79,
807,75. SS-Standarte,75. Sta.,
808,Führer I. Sturmbann der 11. SS-Standarte,F. I/11,
809,Führer III. Sturmbann der 5. SS-Standarte,F. III/5,
810,9. SS-Standarte,9. Sta.,
811,Führer III. Sturmbann der 72. SS-Standarte,F. III/72,
812,SS-Nachrichteneinheit 13,Na. 13,
814,86. SS-Standarte,86. Sta.,
815,"II. Sturmbann der SS-Standarte ""Der Führer""","II/SS-""Der Führer""",
816,SS-Pioniereinheit 13,Pi. 13,
817,Führer III. Sturmbann der 57. SS-Standarte,F. III/57,
818,Konzentrationslager Flossenbürg,K. L. Flossenbürg,
820,88. SS-Standarte,88. Sta.,
821,Führer III. Sturmbann der 14. SS-Standarte,F. III/14,
822,Sanitätsabteilung XVIII,San. Abt. XVIII,
823,Führer SS-Nachrichteneinheit 2,F. Na. 2,
824,Stammabteilung Bezirk 82,Stammabt. 82,
825,Führer 12. SS-Reiterstandarte,F. 12. R. Sta.,
827,Führer III. Sturmbann der 47. SS-Standarte,F. III/47,
828,Führer II. Sturmbann der 12. SS-Standarte,F. II/12,
829,8. SS-Standarte,8. Sta.,
830,Führer III. Sturmbann der 79. SS-Standarte,F. III/79,
831,Führer II. Sturmbann der 79. SS-Standarte,F. II/79,
832,Führer II. Sturmbann der 6. SS-Standarte,F. II/6,
834,61. SS-Standarte,61. Sta.,
835,Führer II. Sturmbann der 21. SS-Standarte,F. II/21,
836,Führer 4. SS-Reiterstandarte,F. 4. R. Sta.,
837,Führer 17. SS-Reiterstandarte,F. 17. R. Sta.,
838,Führer I. Sturmbann der 22. SS-Standarte,F. I/22,
839,Stammabteilung Bezirk 74,Stammabt. 74,
840,Führer I. Sturmbann der 36. SS-Standarte,F. I/36,
841,Führer Reservesturmbann der 6. SS-Standarte,F. Res. Stb. 6,
842,Führer II. Sturmbann der 61. SS-Standarte,F. II/61,
843,Führer III. Sturmbann der 55. SS-Standarte,F. III/55,
844,11. SS-Standarte,11. Sta.,
845,12. SS-Reiterstandarte,12. R. Sta.,
846,Führer III. Sturmbann der 45. SS-Standarte,F. III/45,
847,Stammabteilung Bezirk 94,Stammabt. 94,
849,kommandiert zum Stab der SS-Totenkopfverbände und Konzentrationslager,kdrt. Stab SS-T. V. / K. L.,
850,53. SS-Standarte,53. Sta.,
851,12. SS-Standarte,12. Sta.,
852,Führer I. Sturmbann der 67. SS-Standarte,F. I/67,
853,Standartenstab zur besonderen Verfügung der SS-Verfügungstruppe,Sta. z. b. V. SS-V. T.,
854,17. SS-Reiterstandarte,17. R. Sta.,
855,Führer I. Sturmbann der 47. SS-Standarte,F. I/47,
856,SS-Kraftfahreinheit 1,K. 1,
857,Führer I. Sturmbann der 72. SS-Standarte,F. I/72,
860,Führer I. Sturmbann der 16. SS-Standarte,F. I/16,
861,Führer II. Sturmbann der 55. SS-Standarte,F. II/55,
868,Führer I. Sturmbann der 101. SS-Standarte,F. I/101,
877,Führer III. Sturmbann der 67. SS-Standarte,F. III/67,
882,Stab SS-Abschnitt VII,Stab Ab. VII,
884,Führer II. Sturmbann der 39. SS-Standarte,F. II/39,
888,Führer SS-Nachrichteneinheit 14,F. Na. 14,
903,Führer II. Sturmbann der 5. SS-Standarte,F. II/5,
906,Führer III. Sturmbann der 8. SS-Standarte,F. III/8,
907,Führer 10. SS-Reiterstandarte,F. 10. R. Sta.,
908,Führer II. Sturmbann der 43. SS-Standarte,F. II/43,
909,beim Stab SS-Abschnitt VI,b. Stab Ab. VI,
910,Führer II. Sturmbann der 37. SS-Standarte,F. II/37,
911,Führer II. Sturmbann der 76. SS-Standarte,F. II/76,
912,Führer I. Sturmbann der 90. SS-Standarte,F. I/90,
913,Führer III. Sturmbann der 37. SS-Standarte,F. III/37,
914,Führer III. Sturmbann der 11. SS-Standarte,F. III/11,
915,Führer I. Sturmbann der 76. SS-Standarte,F. I/76,
916,Führer III. Sturmbann der 89. SS-Standarte,F. III/89,
917,SS-Pioniereinheit 14,Pi. 14,
918,Führer II. Sturmbann der 52. SS-Standarte,F. II/52,
919,Führer III. Sturmbann der 52. SS-Standarte,F. III/52,
920,Führer II. Sturmbann der 89. SS-Standarte,F. II/89,
921,76. SS-Standarte,76. Sta.,
922,Führer I. Sturmbann der 52. SS-Standarte,F. I/52,
923,Führer I. Sturmbann der 89. SS-Standarte,F. I/89,
924,89. SS-Standarte,89. Sta.,
925,Führer III. Sturmbann der 38. SS-Standarte,F. III/38,
926,Führer SS-Nachrichteneinheit 9,F. Na. 9,
927,Führer Sanitätsabteilung XXI,F. San. Abt. XXI,
928,Führer II. Sturmbann der 35. SS-Standarte,F. II/35,
929,Führer I. Sturmbann der 62. SS-Standarte,F. I/62,
930,Stab SS-Abschnitt XXXVIII,Stab Ab. XXXVIII,
931,73. SS-Standarte,73. Sta.,
932,Führer Sanitätsabteilung VII,F. San. Abt. VII,
933,Führer 2. SS-Reiterstandarte,F. 2. R. Sta.,
934,Führer III. Sturmbann der 100. SS-Standarte,F. III/100,
935,16. SS-Reiterstandarte,16. R. Sta.,
936,Führer II. Sturmbann der 82. SS-Standarte,F. II/82,
937,Führer III. Sturmbann der 46. SS-Standarte,F. III/46,
938,Führer III. Sturmbann der 81. SS-Standarte,F. III/81,
939,Stab SS-Abschnitt I,Stab Ab. I,
942,Führer SS-Pioniereinheit 14,F. Pi. 14,
943,Stammabteilung Bezirk 30,Stammabt. 30,
944,46. SS-Standarte,46. Sta.,
945,Führer I. Sturmbann der 91. SS-Standarte,F. I/91,
946,Führer I. Sturmbann der 66. SS-Standarte,F. I/66,
947,kommandiert zum Stab SS-Hauptamt,kdrt. Stab SS-Hauptamt,
948,64. SS-Standarte,64. Sta.,
949,Führer III. Sturmbann der 84. SS-Standarte,F. III/84,
950,Führer Reservesturmbann der 57. SS-Standarte,F. Res. Stb. 57,
951,15. SS-Reiterstandarte,15. R. Sta.,
952,13. SS-Reiterstandarte,13. R. Sta.,
953,SS-Kraftfahreinheit 4,K. 4,
954,SS-Nachrichteinheit 8,Na. 8,
955,Stab SS-Abschnitt XXIX,Stab Ab. XXIX,
956,Führer II. Sturmbann der 77. SS-Standarte,F. II/77,
957,Führer Reservesturmbann der 30. SS-Standarte,F. Res. Stb. 30,
958,Führer I. Sturmbann der 87. SS-Standarte,F. I/87,
959,Führer Sanitätsabteilung XXXI,F. San. Abt. XXXI,
960,Führer III. Sturmbann der 61. SS-Standarte,F. III/61,
961,Führer I. Sturmbann der 86. SS-Standarte,F. I/86,
962,Führer III. Sturmbann der 24. SS-Standarte,F. III/24,
963,Führer II. Sturmbann der 101. SS-Standarte,F. II/101,
964,Führer Sanitätsabteilung XXXV,F. San. Abt. XXXV,
965,Führer 5. SS-Reiterstandarte,F. 5. R. Sta.,
966,Führer Hilfsgrenzangestelltensturmbann Main,F. Higa-Stb. Main,
967,Führer I. Sturmbann der 50. SS-Standarte,F. I/50,
968,Sanitätstabteilung XXXVI,San. Abt. XXXVI,
969,Sanitätsabteilung XXXV,San. Abt. XXXV,
970,Führer I. Sturmbann der 102. SS-Standarte,F. I/102,
971,Führer II. Sturmbann der 102. SS-Standarte,F. II/102,
972,Führer III. Sturmbann der 102. SS-Standarte,F. III/102,
973,102. SS-Standarte,102. Sta.,
974,Führer I. Sturmbann der 104. SS-Standarte,F. I/104,
975,Führer II. Sturmbann der 104. SS-Standarte,F. II/104,
976,Führer III. Sturmbann der 104. SS-Standarte,F. III/104,
977,104. SS-Standarte,104. Sta.,
978,Führer I. Sturmbann der 99. SS-Standarte,F. I/99,
979,Führer III. Sturmbann der 99. SS-Standarte,F. III/99,
980,99. SS-Standarte,99. Sta.,
981,Führer III. Sturmbann der 93. SS-Standarte,F. III/93,
983,Führer II. Sturmbann der 36. SS-Standarte,F. II/36,
984,Führer I. Sturmbann der 84. SS-Standarte,F. I/84,
985,Führer II. Sturmbann der 60. SS-Standarte,F. II/60,
986,21. SS-Standarte,21. Sta.,
987,SS-Nachrichteneinheit 4,Na. 4,
988,11. SS-Reiterstandarte,11. R. Sta.,
989,SS-Nachrichteneinheit 3,Na. 3,
990,Führer II. Sturmbann der 8. SS-Standarte,F. II/8,
991,101. SS-Standarte,101. Sta.,
992,Stammabteilung Bezirk 55,Stammabt. 55,
993,37. SS-Standarte,37. Sta.,
994,66. SS-Standarte,66. Sta.,
995,Konzentrationslager Mauthausen,K. L. Mauthausen,
996,Stammabteilung Bezirk 81,Stammabt. 81,
997,29. SS-Standarte,29. Sta.,
998,kommandiert zum Stab SS-Abschnitt XXXII,kdrt. Stab Ab. XXXII,
999,SS-Kraftfahreinheit 7,K. 7,
1000,Sanitätsabteilung XXXIII,San. Abt. XXXIII,
1001,Hilfsgrenzangestellten-Sturmbann Main,Higa. Stb. Main,
1002,SS-Kraftfahreinheit 2,K. 2,
1003,Stammabteilung Bezirk 72,Stammabt. 72,
1005,14. SS-Reiterstandarte,14. R. Sta.,
1007,Führer Sanitätsabteilung XI,F. San. Abt. XI,
1008,SS-Pioniereinheit 1,Pi. 1,
1009,Hilfsgrenzangestellten-Sturmbann Süd,Higa. Stb. Süd,
1010,84. SS-Standarte,84. Sta.,
1011,74. SS-Standarte,74. Sta.,
1012,3. SS-Reiterstandarte,3. R. Sta.,
1013,1. SS-Reiterstandarte,1. R. Sta.,
1015,44. SS-Standarte,44. Sta.,
1016,SS-Pioniereinheit 8,Pi. 8,
1017,Führer II. Sturmbann der 58. SS-Standarte,F. II/58,
1018,SS-Pioniereinheit 5,Pi. 5,
1019,Führer I. Sturmbann der 29. SS-Standarte,F. I/29,
1020,Führer Sanitätsabteilung X,F. San. Abt. X,
1022,Führer I. Sturmbann der 34. SS-Standarte,F. I/34,
1023,Sanitätsabteilung XXVI,San. Abt. XXVI,
1024,Führer I. Sturmbann der 5. SS-Standarte,F. I/5,
1025,Führer SS-Nachrichteneinheit 1,F. Na. 1,
1026,SS-Nachrichteinheit 14,Na. 14,
1027,Sanitätsabteilung XXI,San. Abt. XXI,
1028,Führer II. Sturmbann der 26. SS-Standarte,F. II/26,
1029,Führer II. Sturmbann der 86. SS-Standarte,F. II/86,
1031,Führer II. Sturmbann der 64. SS-Standarte,F. II/64,
1032,SS-Kraftfahreinheit 14,K. 14,
1033,Führer II. Sturmbann der 73. SS-Standarte,F. II/73,
1034,Führer I. Sturmbann der 27. SS-Standarte,F. I/27,
1035,Führer II. Sturmbann der 66. SS-Standarte,F. II/66,
1036,SS-Pioniereinheit 12,Pi. 12,
1037,Führer II. Sturmbann der 59. SS-Standarte,F. II/59,
1038,5. SS-Reiterstandarte,5. R. Sta.,
1039,Führer I. Sturmbann der 25. SS-Standarte,F. I/25,
1040,Führer II. Sturmbann der 34. SS-Standarte,F. II/34,
1041,SS-Kraftfahreinheit 9,K. 9,
1042,Führer II. Sturmbann der 31. SS-Standarte,F. II/31,
1043,Führer III. Sturmbann der 18. SS-Standarte,F. III/18,
1044,SS-Pioniereinheit 7,Pi. 7,
1045,SS-Pioniereinheit 4,Pi. 4,
1046,Führer I. Sturmbann der 21. SS-Standarte,F. I/21,
1047,52. SS-Standarte,52. Sta.,
1048,5. SS-Standarte,5. Sta.,
1049,Führer I. Sturmbann der 13. SS-Standarte,F. I/13,
1050,Führer I. Sturmbann der 61. SS-Standarte,F. I/61,
1051,SS-Nachrichteneinheit 9,Na. 9,
1052,Hilfsgrenzangestellten-Sturmbann Elbe,Higa. Stb. Elbe,
1053,Führer I. Sturmbann der 58. SS-Standarte,F. I/58,
1054,Sanitätsabteilung XXXI,San. Abt. XXXI,
1055,Sanitätsabteilung XIII,San. Abt. XIII,
1056,SS-Nachrichteneinheit 12,Na. 12,
1057,SS-Kraftfahreinheit 6,K. 6,
1058,Führer Reservesturmbann der 19. SS-Standarte,F. Res. Stb. 19,
1059,Führer 6. SS-Reiterstandarte,F. 6. R. Sta.,
1060,SS-Nachrichteneinheit 11,Na. 11,
1061,Führer II. Sturmbann der 46. SS-Standarte,F. II/46,
1062,9. SS-Reiterstandarte,9. R. Sta.,
1063,Führer III. Sturmbann der 68. SS-Standarte,F. III/68,
1064,Sanitätsabteilung X,San. Abt. X,
1065,SS-Nachrichteneinheit 1,Na. 1,
1067,Führer III. Sturmbann der 94. SS-Standarte,F. III/94,
1068,Stammabteilung Bezirk 38,Stammabt. 38,
1069,Führer I. Sturmbann der 15. SS-Standarte,F. I/15,
1070,Führer II. Sturmbann der 90. SS-Standarte,F. II/90,
1071,Führer Sanitätsabteilung XXXVI,F. San. Abt. XXXVI,
1072,kommandiert zum Stab Oberabschnitt Nordost,kdrt. Stab. Oa. Nordost,
1073,Führer I. Sturmbann der 24. SS-Standarte,F. I/24,
1074,Führer II. Sturmbann der 87. SS-Standarte,F. II/87,
1075,SS-Kraftfahrschule Berne,SS-K. Sch. Berne,
1077,SS-Nachrichteneinheit 2,Na. 2,
1078,Führer Sanitätsabteilung V,F. San. Abt. V,
1079,Führer II. Sturmbann der 32. SS-Standarte,F. II/32,
1080,Führer II. Sturmbann der 65. SS-Standarte,F. II/65,
1081,Führer Sanitätsabteilung XXVII,F. San. Abt. XXVII,
1082,kommandiert zur Junkerschule Bad Tölz,kdrt. J. Sch. Tölz,
1083,18. SS-Reiterstandarte,18. R. Sta.,
1084,Führer Sanitätsabteilung IX,F. San. Abt. IX,
1085,SS-Pioniereinheit 2,Pi. 2,
1086,Führer III. Sturmbann der 92. SS-Standarte,F. III/92,
1087,Führer III. Sturmbann der 91. SS-Standarte,F. III/91,
1088,Führer II. Sturmbann der 56. SS-Standarte,F. II/56,
1089,Führer II. Sturmbann der 91. SS-Standarte,F. II/91,
1090,Führer II. Sturmbann der 9. SS-Standarte,F. II/9,
1091,Führer Sanitätsabteilung II,F. San. Abt. II,
1092,Sanitätsabteilung VIII,San. Abt. VIII,
1094,Führer II. Sturmbann der94. SS-Standarte,F. II/94,
1095,Führer II. Sturmbann der 99. SS-Standarte,F. II/99,
1096,Führer I. Sturmbann der 95. SS-Standarte,F. I/95,
1097,Stammabteilung Bezirk 61,Stammabt. 61,
1098,Führer Sanitätsabteilung XVIII,F. San. Abt. XVIII,
1099,Führer III. Sturmbann der 40. SS-Standarte,F. III/40,
1100,Führer II. Sturmbann der 103. SS-Standarte,F. II/103,
1101,Stammabteilung Bezirk 76,Stammabt. 76,
1102,SS-Kraftfahreinheit 9,K. 9,
1103,Stammabteilung Bezirk 52,Stammabt. 52,
1104,Führer Reservesturmbann der 7. SS-Standarte,F. Res. Stb. 7,
1105,Stammabteilung Bezirk 37,Stammabt. 37,
1107,SS-Kraftfahreinheit 11,K. 11,
1108,21. SS-Reiterstandarte,21. R. Sta.,
1110,SS-Pioniereinheit 9,Pi. 9,
1111,Führer I. Sturmbann der 83. SS-Standarte,F. I/83,
1112,Führer Reservesturmbann der 36. SS-Standarte,F. Res. Stb. 36,
1113,SS-Nachrichteneinheit 6,Na. 6,
1114,Führer Sanitätsabteilung XXIX,F. San. Abt. XXIX,
1115,Führer III. Sturmbann der 39. SS-Standarte,F. III/39,
1116,kommandiert zum Stab SS-Oberabschnitt Ost,kdrt. Stab Oa. Ost,
1117,Führer I. Sturmbann der 78. SS-Standarte,F. I/78,
1120,Führer SS-Nachrichteneinheit 12,F. Na. 12,
1121,kommandiert zur 1. SS-Standarte,kdrt. 1. Sta.,
1122,SS-Nachrichteneinheit 5,Na. 5,
1123,SS-Kraftfahreinheit 13,K. 13,
1124,SS-Nachrichteneinheit 7,Na. 7,
1125,38. SS-Standarte,38. Sta.,
1126,Führer III. Sturmbann der 65. SS-Standarte,F. III/65,
1127,Führer SS-Pioniereinheit 2,F. Pi. 2,
1128,100. SS-Standarte,100. Sta.,
1129,Führer I. Sturmbann der 85. SS-Standarte,F. I/85,
1130,103. SS-Standarte,103. Sta.,
1131,Führer 18. SS-Reiterstandarte,F. 18. R. Sta.,
1132,Führer III. Sturmbann der 26. SS-Standarte,F. III/26,
1133,96. SS-Standarte,96. Sta.,
1134,Führer II. Sturmbann der 95. SS-Standarte,F. II/95,
1135,Führer III. Sturmbann der 90. SS-Standarte,F. III/90,
1136,97. SS-Standarte,97. Sta.,
1137,Führer II. Sturmbann der 38. SS-Standarte,F. II/38,
1138,17. SS-Standarte,17. Sta.,
1139,95. SS-Standarte,95. Sta.,
1140,98. SS-Standarte,98. Sta.,
1143,beim Stab SS-Abschnitt XXX,b. Stab Ab. XXX,
1144,SS-Pioniereinheit 11,Pi. 11,
1159,Stab SS-Oberabschnitt Elbe,Stab Oa. Elbe,
1160,Stab SS-Oberabschnitt Fulda-Werra,Stab Oa. Fulda-Werra,
1161,Stab SS-Oberabschnitt Main,Stab Oa. Main,
1162,Stab SS-Oberabschnitt Nord,Stab Oa. Nord,
1163,Stab SS-Oberabschnitt Südost,Stab Oa. Südost,
1164,Führer Sanitätsabteilung XII,F. San. Abt. XII,
1165,Führer II. Sturmbann der 1. SS-Totenkopfstandarte Oberbayern,F. II/1. SS-T. St. Oberbayern,
1166,Führer III. Sturmbann der 33. SS-Standarte,F. III/33,
1167,Führer II. Sturmbann der 25. SS-Standarte,F. II/25,
1168,Führer 57. SS-Standarte,F. 57. Sta.,
1169,Führer SS-Nachrichtenabteilung 6,F. Na. 6,
1170,Führer III. Sturmbann der 1. SS-Totenkopfstandarte Oberbayern,F. III/1. SS-T. St. Oberbayern,
1171,Führer I. Sturmban der 4. SS-Totekopfstandarte Ostmark,F. I/4. SS-T. St. Ostmark,
1172,"Stab Reichsführer SS, Führer Kriminalkommando","Stab RFSS, F. Kr. Kdo.",
1173,SS-Oberabschnitt Arzt Süd,Oa. Arzt Süd,
1174,2. SS-Reiterstandarte,2. R. Sta.,
1175,kommandiert zum Stab SS-Abschnitt XXXVII,kdrt. Stab Ab. XXXVII,
